"start","The.Lunchbox.movie."
2013-08-01,1
2013-08-02,1
2013-08-03,1
2013-08-04,1
2013-08-05,1
2013-08-06,1
2013-08-07,1
2013-08-08,1
2013-08-09,1
2013-08-10,1
2013-08-11,1
2013-08-12,1
2013-08-13,2
2013-08-14,2
2013-08-15,3
2013-08-16,3
2013-08-17,2
2013-08-18,1
2013-08-19,2
2013-08-20,1
2013-08-21,1
2013-08-22,2
2013-08-23,3
2013-08-24,4
2013-08-25,4
2013-08-26,3
2013-08-27,2
2013-08-28,3
2013-08-29,1
2013-08-30,2
2013-08-31,1
2013-09-01,2
2013-09-02,2
2013-09-03,1
2013-09-04,2
2013-09-05,2
2013-09-06,4
2013-09-07,6
2013-09-08,5
2013-09-09,2
2013-09-10,3
2013-09-11,4
2013-09-12,4
2013-09-13,5
2013-09-14,5
2013-09-15,6
2013-09-16,7
2013-09-17,7
2013-09-18,14
2013-09-19,21
2013-09-20,65
2013-09-21,98
2013-09-22,100
2013-09-23,59
2013-09-24,41
2013-09-25,36
2013-09-26,29
2013-09-27,35
2013-09-28,46
2013-09-29,38
2013-09-30,21
