"start","Go.Goa.Gone.movie."
2013-03-01,3
2013-03-02,3
2013-03-03,3
2013-03-04,3
2013-03-05,3
2013-03-06,3
2013-03-07,4
2013-03-08,4
2013-03-09,5
2013-03-10,3
2013-03-11,4
2013-03-12,5
2013-03-13,2
2013-03-14,3
2013-03-15,3
2013-03-16,3
2013-03-17,3
2013-03-18,3
2013-03-19,3
2013-03-20,4
2013-03-21,3
2013-03-22,3
2013-03-23,4
2013-03-24,5
2013-03-25,13
2013-03-26,39
2013-03-27,38
2013-03-28,45
2013-03-29,39
2013-03-30,35
2013-03-31,35
2013-04-01,30
2013-04-02,17
2013-04-03,26
2013-04-04,35
2013-04-05,34
2013-04-06,27
2013-04-07,48
2013-04-08,39
2013-04-09,60
2013-04-10,61
2013-04-11,81
2013-04-12,87
2013-04-13,89
2013-04-14,81
2013-04-15,67
2013-04-16,65
2013-04-17,52
2013-04-18,63
2013-04-19,73
2013-04-20,100
2013-04-21,48
2013-04-22,62
2013-04-23,50
2013-04-24,57
2013-04-25,50
2013-04-26,51
2013-04-27,54
2013-04-28,60
2013-04-29,45
2013-04-30,49
